{
    "raw_metrics": {
        "loss": [
            0.08144272118806839,
            0.0721040889620781,
            0.07395397871732712,
            0.07273312658071518,
            0.07289161533117294,
            0.0727798119187355,
            0.07288876175880432,
            0.07170671969652176,
            0.0705256313085556,
            0.07149004936218262,
            0.07129126787185669,
            0.06993777304887772,
            0.07267297059297562,
            0.06856375932693481,
            0.07168928533792496,
            0.06903912872076035,
            0.07064229249954224,
            0.06889093667268753,
            0.0687817931175232,
            0.06913464516401291
        ],
        "val_loss": [
            0.07242772728204727,
            0.0725146159529686,
            0.07242505997419357,
            0.07262222468852997,
            0.07184036821126938,
            0.07188055664300919,
            0.07216011732816696,
            0.07197251170873642,
            0.07241716980934143,
            0.07182281464338303,
            0.07194008678197861,
            0.07200927287340164,
            0.0723874568939209,
            0.07188344746828079,
            0.07270892709493637,
            0.07295667380094528,
            0.0718701183795929,
            0.07193573564291,
            0.07411392778158188,
            0.0739131048321724
        ],
        "accuracy": [
            0.4739583432674408,
            0.484375,
            0.4947916567325592,
            0.4947916567325592,
            0.4895833432674408,
            0.4947916567325592,
            0.484375,
            0.4947916567325592,
            0.5052083134651184,
            0.484375,
            0.4947916567325592,
            0.4947916567325592,
            0.5,
            0.5104166865348816,
            0.5104166865348816,
            0.4947916567325592,
            0.53125,
            0.5104166865348816,
            0.5364583134651184,
            0.515625
        ],
        "val_accuracy": [
            0.4166666567325592,
            0.4166666567325592,
            0.4166666567325592,
            0.4166666567325592,
            0.4166666567325592,
            0.4166666567325592,
            0.4166666567325592,
            0.4166666567325592,
            0.4166666567325592,
            0.4166666567325592,
            0.4583333432674408,
            0.4166666567325592,
            0.4791666567325592,
            0.4791666567325592,
            0.4375,
            0.4375,
            0.4791666567325592,
            0.5,
            0.5208333134651184,
            0.5208333134651184
        ]
    },
    "summary": {
        "epochs_trained": 20,
        "best_epoch": 9,
        "training_time": null,
        "model_condition": "underfit"
    },
    "training": {
        "final_loss": 0.06913464516401291,
        "final_accuracy": 0.515625,
        "best_loss": 0.06856375932693481,
        "best_accuracy": 0.5364583134651184
    },
    "validation": {
        "final_loss": 0.0739131048321724,
        "final_accuracy": 0.5208333134651184,
        "best_loss": 0.07182281464338303,
        "best_accuracy": 0.5208333134651184
    },
    "best_epoch_metrics": {
        "training_loss": 0.07149004936218262,
        "training_accuracy": 0.484375,
        "validation_loss": 0.07182281464338303,
        "validation_accuracy": 0.4166666567325592
    },
    "model_analysis": {
        "train_val_loss_gap": -0.004778459668159485,
        "train_val_accuracy_gap": -0.005208313465118408,
        "recommendations": [
            "Aumentare la complessit\u00e0 del modello",
            "Ridurre il dropout",
            "Aumentare il numero di epoche",
            "Utilizzare un learning rate pi\u00f9 alto"
        ]
    },
    "metadata": {
        "timeframe": "4h",
        "date_created": "2025-04-30 13:18:30"
    }
}