{
    "raw_metrics": {
        "loss": [
            0.07035154849290848,
            0.0701388418674469,
            0.07010886818170547,
            0.07010466605424881,
            0.0701034814119339,
            0.07009848207235336,
            0.07010193914175034,
            0.07010066509246826,
            0.07009342312812805,
            0.07009392976760864,
            0.07009164988994598,
            0.0700906291604042,
            0.0700891837477684
        ],
        "val_loss": [
            0.0675342008471489,
            0.06717380881309509,
            0.06689708679914474,
            0.06699182093143463,
            0.0669253021478653,
            0.06704778969287872,
            0.06706149131059647,
            0.06692914664745331,
            0.06720220297574997,
            0.06694182753562927,
            0.06698281317949295,
            0.0671858862042427,
            0.06707711517810822
        ],
        "accuracy": [
            0.5628014206886292,
            0.562807559967041,
            0.562807559967041,
            0.562807559967041,
            0.562807559967041,
            0.562807559967041,
            0.562807559967041,
            0.562807559967041,
            0.562807559967041,
            0.562807559967041,
            0.562807559967041,
            0.562807559967041,
            0.562807559967041
        ],
        "val_accuracy": [
            0.6221333742141724,
            0.6221333742141724,
            0.6221333742141724,
            0.6221333742141724,
            0.6221333742141724,
            0.6221333742141724,
            0.6221333742141724,
            0.6221333742141724,
            0.6221333742141724,
            0.6221333742141724,
            0.6221333742141724,
            0.6221333742141724,
            0.6221333742141724
        ]
    },
    "summary": {
        "epochs_trained": 13,
        "best_epoch": 2,
        "training_time": null,
        "model_condition": "underfit"
    },
    "training": {
        "final_loss": 0.0700891837477684,
        "final_accuracy": 0.562807559967041,
        "best_loss": 0.0700891837477684,
        "best_accuracy": 0.562807559967041
    },
    "validation": {
        "final_loss": 0.06707711517810822,
        "final_accuracy": 0.6221333742141724,
        "best_loss": 0.06689708679914474,
        "best_accuracy": 0.6221333742141724
    },
    "best_epoch_metrics": {
        "training_loss": 0.07010886818170547,
        "training_accuracy": 0.562807559967041,
        "validation_loss": 0.06689708679914474,
        "validation_accuracy": 0.6221333742141724
    },
    "model_analysis": {
        "train_val_loss_gap": 0.0030120685696601868,
        "train_val_accuracy_gap": -0.05932581424713135,
        "recommendations": [
            "Aumentare la complessit\u00e0 del modello",
            "Ridurre il dropout",
            "Aumentare il numero di epoche",
            "Utilizzare un learning rate pi\u00f9 alto"
        ]
    },
    "metadata": {
        "timeframe": "5m",
        "date_created": "2025-04-30 14:19:16"
    }
}